"Title","Company","Location","Date","URL","Company_URL"
"/dev/null","/dev/null","/dev/null","/dev/null","/dev/null","/dev/null"
".css-jspxzf{box-sizing:border-box;margin:0;min-width:0;-webkit-text-decoration:none;text-decoration:none;color:inherit!important;position:static;}.css-jspxzf:active,.css-jspxzf:visited,.css-jspxzf:hover,.css-jspxzf:focus{-webkit-text-decoration:none;text-decoration:none;color:inherit;}.css-jspxzf:focus-visible{outline:none;}.css-jspxzf::after{content:"""";position:absolute;left:0;top:0;right:0;bottom:0;}Software Engineer Intern","Skye","New York, NY 10016 (Murray Hill area)","Posted 22 days ago",NA,"https://www.indeed.com/cmp/Skye?q=software%20engineer%20intern&l=United%20States&start=10"
"Software Engineer Intern",NA,"Remote","Posted 3 days ago",NA,NA
"Software Engineer Intern [ Open: 2 Positions ]",NA,"San Jose, CA 95110 (North San Jose area)","Posted 30+ days ago",NA,NA
"Software Engineer Intern","Westlake Services, LLC","Los Angeles, CA","Posted 4 days ago",NA,"https://www.indeed.com/cmp/Westlake-Financial-Services?q=software%20engineer%20intern&l=United%20States&start=10"
"Computer Vision Software Intern",NA,"Remote","Posted 30+ days ago",NA,NA
"Software Engineer, Intern",NA,"New York, NY+1 location","Posted 30+ days ago",NA,NA
"Fall Intern - Software Engineer (In Person)",NA,"Seattle, WA","Posted 26 days ago",NA,NA
"Software Engineer Internship (flexible timing)",NA,"Remote in New York, NY","Posted 3 days ago",NA,NA
"Software Engineer Intern",NA,"Burlington, MA 01803","Posted 30+ days ago",NA,NA
"Software Engineer Intern (Atlanta)","Stonebranch","Alpharetta, GA 30022","Posted 30+ days ago",NA,"https://www.indeed.com/cmp/Stonebranch?q=software%20engineer%20intern&l=United%20States&start=10"
"Intern - Software Engineer, Fall 2022/Winter 2022",NA,"Remote in Chicago, IL","Posted 30+ days ago",NA,NA
"Software Engineer Intern- OrangeWorks (Fall Semester)","Home Depot / THD","Atlanta, GA 30301","Posted 30+ days ago",NA,"https://www.indeed.com/cmp/The-Home-Depot?q=software%20engineer%20intern&l=United%20States&start=10"
"1132 - Software Engineer Intern",NA,"Orlando, FL 32817","Posted 30+ days ago",NA,NA
"Fall 2022 Application Software Engineer Intern","ON Semiconductor","San Jose, CA+1 location","Posted 10 days ago",NA,"https://www.indeed.com/cmp/On-Semiconductor?q=software%20engineer%20intern&l=United%20States&start=10"
"Summer 2022 Software Developer Intern - Remote","Voya Financial","Remote","Posted 30+ days ago",NA,"https://www.indeed.com/cmp/Voya-Financial?q=software%20engineer%20intern&l=United%20States&start=10"
"/dev/null","/dev/null","/dev/null","/dev/null","/dev/null","/dev/null"
".css-jspxzf{box-sizing:border-box;margin:0;min-width:0;-webkit-text-decoration:none;text-decoration:none;color:inherit!important;position:static;}.css-jspxzf:active,.css-jspxzf:visited,.css-jspxzf:hover,.css-jspxzf:focus{-webkit-text-decoration:none;text-decoration:none;color:inherit;}.css-jspxzf:focus-visible{outline:none;}.css-jspxzf::after{content:"""";position:absolute;left:0;top:0;right:0;bottom:0;}Software Engineer, Intern",NA,"Palo Alto, CA 94301 (University South area)+1 location","30+ days ago",NA,NA
"Fall '22 Software Engineer Co-Op/ Intern","Advanced Micro Devices, Inc.","Santa Clara, CA 95054","11 days ago",NA,"https://www.indeed.com/cmp/Amd?q=software%20engineer%20intern&l=United%20States&start=20"
"2022 Intern Software Engineer - Think Tank Team","Samsung Research America Internship","Mountain View, CA","30+ days ago",NA,"https://www.indeed.com/cmp/Samsung-Research-America?q=software%20engineer%20intern&l=United%20States&start=20"
"Software Engineer - Backend Infrastructure and Platforms - F...",NA,"San Carlos, CA","30+ days ago",NA,NA
"Software Engineer - (Intern)","NimbleRx","+1 locationRemote","30+ days ago",NA,"https://www.indeed.com/cmp/Nimblerx?q=software%20engineer%20intern&l=United%20States&start=20"
"Intern - Software Engineer",NA,"Orlando, FL 32811 (33rd St. Industrial area)","30+ days ago",NA,NA
"Intern - Software Engineer","Logic Solutions Inc","Plymouth, MI 48170","30+ days ago",NA,"https://www.indeed.com/cmp/Logic-Solutions?q=software%20engineer%20intern&l=United%20States&start=20"
"Intern - Software Developer",NA,"Remote","13 days ago",NA,NA
"Junior Software Engineer - Intern",NA,"Austin, TX 78746 (Barton Hills area)","Active 17 days ago",NA,NA
"Software Engineer Intern","LexisNexis","Raleigh, NC 27606 (Southwest Raleigh area)","30+ days ago",NA,"https://www.indeed.com/cmp/Lexisnexis-a5cff3d1?q=software%20engineer%20intern&l=United%20States&start=20"
"Intern Software Quality Engineer","Federal Reserve Bank of Boston","Remote","30+ days ago",NA,"https://www.indeed.com/cmp/Federal-Reserve-Bank-of-Boston?q=software%20engineer%20intern&l=United%20States&start=20"
"Software Engineer Intern","WEX Inc.","Remote","4 days ago",NA,"https://www.indeed.com/cmp/Wex-Inc.?q=software%20engineer%20intern&l=United%20States&start=20"
"Undergrad Software Engineer Intern","Intel","Hybrid remote in Hillsboro, OR 97124+9 locations","13 days ago",NA,"https://www.indeed.com/cmp/Intel-Corporation?q=software%20engineer%20intern&l=United%20States&start=20"
"Software Engineer Intern","Alva Manufacturing","Placentia, CA 92870","3 days ago",NA,"https://www.indeed.com/cmp/Alva-Manufacturing-2?q=software%20engineer%20intern&l=United%20States&start=20"
"Software Engineer Intern",NA,"Chicago, IL","30+ days ago",NA,NA
".css-jspxzf{box-sizing:border-box;margin:0;min-width:0;-webkit-text-decoration:none;text-decoration:none;color:inherit!important;position:static;}.css-jspxzf:active,.css-jspxzf:visited,.css-jspxzf:hover,.css-jspxzf:focus{-webkit-text-decoration:none;text-decoration:none;color:inherit;}.css-jspxzf:focus-visible{outline:none;}.css-jspxzf::after{content:"""";position:absolute;left:0;top:0;right:0;bottom:0;}Software Engineer Intern","Alva Manufacturing","Placentia, CA 92870","Posted 3 days ago",NA,"https://www.indeed.com/cmp/Alva-Manufacturing-2?q=software%20engineer%20intern&l=United%20States&start=30"
"Software Engineer Intern",NA,"Chicago, IL","Posted 30+ days ago",NA,NA
"Intern, Software Development Engineering","Impinj","Remote","Posted 30+ days ago",NA,"https://www.indeed.com/cmp/Impinj?q=software%20engineer%20intern&l=United%20States&start=30"
"REMOTE Intern frontend Software Developer",NA,"Remote","Posted 4 days ago",NA,NA
"Software Engineer Intern - Fall 2022","Signify","Atlanta, GA+1 location","Posted 30+ days ago",NA,"https://www.indeed.com/cmp/Signify-4?q=software%20engineer%20intern&l=United%20States&start=30"
"Software Engineer Intern (Systems Development)","Vectorworks Inc.","Remote in Columbia, MD 21046","Posted 30+ days ago",NA,"https://www.indeed.com/cmp/Vectorworks-3?q=software%20engineer%20intern&l=United%20States&start=30"
"Software Engineer Intern (Infrastructure Automation) - Fall...",NA,"San Mateo, CA 94401 (Downtown area)","Posted 30+ days ago",NA,NA
"Software Engineer Intern",NA,"Remote in Raleigh, NC 27604","Posted 30+ days ago",NA,NA
"Software Engineering Intern",NA,"Remote in New York, NY","Posted 30+ days ago",NA,NA
"Software Engineer Intern, TensorRT","NVIDIA","Santa Clara, CA+1 location","Posted 30+ days ago",NA,"https://www.indeed.com/cmp/Nvidia?q=software%20engineer%20intern&l=United%20States&start=30"
"Software Engineer Intern","Lighthouse Worldwide Solutions Inc","Fremont, CA 94538 (East Industrial area)","Posted 14 days ago",NA,"https://www.indeed.com/cmp/Lighthouse-Worldwide-Solutions?q=software%20engineer%20intern&l=United%20States&start=30"
"Software Intern","Procore Technologies","Remote in Oregon","Today",NA,"https://www.indeed.com/cmp/Procore-Technologies?q=software%20engineer%20intern&l=United%20States&start=30"
"Intern - Software Engineer (Fall 2022)","Plexus","Raleigh, NC+1 location","Posted 30+ days ago",NA,"https://www.indeed.com/cmp/Plexus-1?q=software%20engineer%20intern&l=United%20States&start=30"
"Software Developer Intern","D. E. Shaw & Co., L.P.","New York, NY+3 locations","Posted 30+ days ago",NA,"https://www.indeed.com/cmp/D.-E.-Shaw-&-Co.---Investment-Firm?q=software%20engineer%20intern&l=United%20States&start=30"
"Software Development Intern - 2023",NA,"Jupiter, FL 33477","Posted 11 days ago",NA,NA
".css-jspxzf{box-sizing:border-box;margin:0;min-width:0;-webkit-text-decoration:none;text-decoration:none;color:inherit!important;position:static;}.css-jspxzf:active,.css-jspxzf:visited,.css-jspxzf:hover,.css-jspxzf:focus{-webkit-text-decoration:none;text-decoration:none;color:inherit;}.css-jspxzf:focus-visible{outline:none;}.css-jspxzf::after{content:"""";position:absolute;left:0;top:0;right:0;bottom:0;}Software Engineering Intern",NA,"Remote in New York, NY","Posted 30+ days ago",NA,NA
"Intern - ML Engineer: Coding & Program Synthesis","Loon","Mountain View, CA","Posted 30+ days ago",NA,"https://www.indeed.com/cmp/Loon?q=software%20engineer%20intern&l=United%20States&start=50"
"Software Developer Intern","General Atomics and Affiliated Companies","Poway, CA","Posted 4 days ago",NA,"https://www.indeed.com/cmp/General-Atomics?q=software%20engineer%20intern&l=United%20States&start=50"
"Intern/Coop, R&D Software Engineering","Clario","New Jersey","Posted 13 days ago",NA,"https://www.indeed.com/cmp/Clario?q=software%20engineer%20intern&l=United%20States&start=50"
"Quality Assurance Intern",NA,"+1 locationRemote","Posted 11 days ago",NA,NA
"Software Engineer Intern","Md7 Llc","Allen, TX 75013","Active 29 days ago",NA,"https://www.indeed.com/cmp/Md7?q=software%20engineer%20intern&l=United%20States&start=50"
"Intern - Embedded Software Engineer (Fall 2022)","Persistent Systems","New York, NY 10001 (Chelsea area)","Posted 9 days ago",NA,"https://www.indeed.com/cmp/Persistent-Systems?q=software%20engineer%20intern&l=United%20States&start=50"
"Software Engineer Intern","Lighthouse Worldwide Solutions Inc","Fremont, CA 94538 (East Industrial area)","Posted 14 days ago",NA,"https://www.indeed.com/cmp/Lighthouse-Worldwide-Solutions?q=software%20engineer%20intern&l=United%20States&start=50"
"Software Engineer Intern",NA,"Boston, MA","Posted 10 days ago",NA,NA
"Software Engineer Intern","Novus","New York, NY 10010 (NoMad area)","Posted 30+ days ago",NA,"https://www.indeed.com/cmp/Sei-Novus?q=software%20engineer%20intern&l=United%20States&start=50"
"Software Engineer, Intern",NA,"Hopewell, NJ","Posted 6 days ago",NA,NA
"Intern, Software Engineer, Maneuver Planning (Fall 2022)",NA,"San Francisco, CA","Posted 30+ days ago",NA,NA
"Software Development Intern","Symplicity Corporation","Arlington, VA","Posted 30+ days ago",NA,"https://www.indeed.com/cmp/Symplicity-Corporation?q=software%20engineer%20intern&l=United%20States&start=50"
"Web Development Internship",NA,"Remote in Washington, DC","Posted 3 days ago",NA,NA
"Software Engineer Intern","TransPerfect","New York, NY","Posted 6 days ago",NA,"https://www.indeed.com/cmp/Transperfect-3?q=software%20engineer%20intern&l=United%20States&start=50"
".css-jspxzf{box-sizing:border-box;margin:0;min-width:0;-webkit-text-decoration:none;text-decoration:none;color:inherit!important;position:static;}.css-jspxzf:active,.css-jspxzf:visited,.css-jspxzf:hover,.css-jspxzf:focus{-webkit-text-decoration:none;text-decoration:none;color:inherit;}.css-jspxzf:focus-visible{outline:none;}.css-jspxzf::after{content:"""";position:absolute;left:0;top:0;right:0;bottom:0;}Full Stack Developer Intern",NA,"Remote","18 days ago",NA,NA
"SOFTWARE DEVELOPMENT InTERN","Acuitus","Sunnyvale, CA 94089 (Lakewood area)","30+ days ago",NA,"https://www.indeed.com/cmp/Acuitus?q=software%20engineer%20intern&l=United%20States&start=60"
"Quality Assurance Intern",NA,"+1 locationRemote","11 days ago",NA,NA
"GEM Software Developer Intern","ManTech International Corporation","Herndon, VA 20171","12 days ago",NA,"https://www.indeed.com/cmp/ManTech-International-Corporation?q=software%20engineer%20intern&l=United%20States&start=60"
"SOFTWARE ENGINEER (FALL 2022 INTERNSHIP)",NA,"Fremont, CA","30+ days ago",NA,NA
"Software Engineer Intern - Perception",NA,"Mountain View, CA","30+ days ago",NA,NA
"Software Management Information Systems Intern (Fall 2022)","Retensa","Remote","27 days ago",NA,"https://www.indeed.com/cmp/Retensa?q=software%20engineer%20intern&l=United%20States&start=60"
"Frontend Software Engineer Internship","Relaymile","Seattle, WA+14 locations","Active 5 days ago",NA,"https://www.indeed.com/cmp/Relaymile?q=software%20engineer%20intern&l=United%20States&start=60"
"Software Engineer Intern","ECi Software Solutions","Provo, UT","30+ days ago",NA,"https://www.indeed.com/cmp/Eci-Software-Solutions?q=software%20engineer%20intern&l=United%20States&start=60"
"Intern, Software Engineer, Maneuver Planning (Fall 2022)",NA,"San Francisco, CA","30+ days ago",NA,NA
"Software Developer Intern",NA,"Lafayette, LA 70501","3 days ago",NA,NA
"Software Engineering and Testing Intern",NA,"Wixom, MI 48393","4 days ago",NA,NA
"2022 Computer Engineer Intern- Melbourne","Northrop Grumman","Remote in Florida","19 days ago",NA,"https://www.indeed.com/cmp/Northrop-Grumman?q=software%20engineer%20intern&l=United%20States&start=60"
"Software Engineering Intern - Fall 2022","BECHT","+3 locationsRemote","30+ days ago",NA,"https://www.indeed.com/cmp/Becht-1?q=software%20engineer%20intern&l=United%20States&start=60"
"PYTHON SOFTWARE DEVELOPER Intern","IMSAR","Springville, UT 84663","4 days ago",NA,"https://www.indeed.com/cmp/Imsar?q=software%20engineer%20intern&l=United%20States&start=60"
".css-jspxzf{box-sizing:border-box;margin:0;min-width:0;-webkit-text-decoration:none;text-decoration:none;color:inherit!important;position:static;}.css-jspxzf:active,.css-jspxzf:visited,.css-jspxzf:hover,.css-jspxzf:focus{-webkit-text-decoration:none;text-decoration:none;color:inherit;}.css-jspxzf:focus-visible{outline:none;}.css-jspxzf::after{content:"""";position:absolute;left:0;top:0;right:0;bottom:0;}Mobile Engineer Intern iOS (Remote)",NA,"Remote","Posted 30+ days ago",NA,NA
"Software Engineer - Internship",NA,"San Francisco, CA","Posted 30+ days ago",NA,NA
"Fall Intern - Software Engineer (In Person)",NA,"Seattle, WA","Posted 30+ days ago",NA,NA
"Amazon Robotics - Software Development Engineer (SDE) Intern...","Amazon.com Services LLC","North Reading, MA 01864","Posted 30+ days ago",NA,"https://www.indeed.com/cmp/Amazon.com?q=software%20engineer%20intern&l=United%20States&start=70&redirected=1"
"Intern - Associate Game Designer",NA,"Remote","Posted 30+ days ago",NA,NA
"Software Engineer Intern â€“ Fall 2022",NA,"Valley View, OH 44125","Posted 30+ days ago",NA,NA
"CM Software Support Intern","Tyler Technologies, Inc.","Remote in Denver, CO","Posted 7 days ago",NA,"https://www.indeed.com/cmp/Tyler-Technologies,-Inc.?q=software%20engineer%20intern&l=United%20States&start=70&redirected=1"
"Software Engineer Intern","TransPerfect","New York, NY","Posted 6 days ago",NA,"https://www.indeed.com/cmp/Transperfect-3?q=software%20engineer%20intern&l=United%20States&start=70&redirected=1"
"Advanced Development Software Intern - Fall 2022","Signify","Atlanta, GA","Posted 30+ days ago",NA,"https://www.indeed.com/cmp/Signify-4?q=software%20engineer%20intern&l=United%20States&start=70&redirected=1"
"Summer Intern 2022","NETGEAR","San Jose, CA","Posted 30+ days ago",NA,"https://www.indeed.com/cmp/Netgear?q=software%20engineer%20intern&l=United%20States&start=70&redirected=1"
"Software Engineer Intern","EFI","Londonderry, NH","Posted 25 days ago",NA,"https://www.indeed.com/cmp/Efi?q=software%20engineer%20intern&l=United%20States&start=70&redirected=1"
"Software Development Intern","Cue Health","California","Posted 19 days ago",NA,"https://www.indeed.com/cmp/Cue-Health?q=software%20engineer%20intern&l=United%20States&start=70&redirected=1"
"Software - Infotainment UI & Video Games Internship (Fall 20...","Tesla","Palo Alto, CA","Posted 30+ days ago",NA,"https://www.indeed.com/cmp/Tesla?q=software%20engineer%20intern&l=United%20States&start=70&redirected=1"
"Software - Engineer Internship, Fleet Health (Fall 2022)","Tesla","Fremont, CA+3 locations","Posted 30+ days ago",NA,"https://www.indeed.com/cmp/Tesla?q=software%20engineer%20intern&l=United%20States&start=70&redirected=1"
"Software Development Intern","SWBC","San Antonio, TX","Posted 30+ days ago",NA,"https://www.indeed.com/cmp/Swbc?q=software%20engineer%20intern&l=United%20States&start=70&redirected=1"
".css-jspxzf{box-sizing:border-box;margin:0;min-width:0;-webkit-text-decoration:none;text-decoration:none;color:inherit!important;position:static;}.css-jspxzf:active,.css-jspxzf:visited,.css-jspxzf:hover,.css-jspxzf:focus{-webkit-text-decoration:none;text-decoration:none;color:inherit;}.css-jspxzf:focus-visible{outline:none;}.css-jspxzf::after{content:"""";position:absolute;left:0;top:0;right:0;bottom:0;}Web Developer (Intern or full time) (copy)",NA,"Remote","Posted 10 days ago",NA,NA
"It Software Development Intern","Ambry Genetics Corporation","Remote in Aliso Viejo, CA 92656","Posted 30+ days ago",NA,"https://www.indeed.com/cmp/Ambry-Genetics?q=software%20engineer%20intern&l=United%20States&start=80"
"Student Intern-OpenDBM","AiCure","New York, NY","Posted 30+ days ago",NA,"https://www.indeed.com/cmp/Aicure?q=software%20engineer%20intern&l=United%20States&start=80"
"Intern, Software & Bioinformatics",NA,"Cambridge, MA 02138 (Cambridge Highlands area)","Posted 7 days ago",NA,NA
"2022 NLP Intern","Samsung Research America Internship","Mountain View, CA","Posted 30+ days ago",NA,"https://www.indeed.com/cmp/Samsung-Research-America?q=software%20engineer%20intern&l=United%20States&start=80"
"Web Developer Intern",NA,"Remote in Brooklyn, NY 11201","Posted 30+ days ago",NA,NA
"Software Intern",NA,"Newton, MA 02461 (Newton Highlands area)","Posted 30+ days ago",NA,NA
"Software Engineer Intern",NA,"Boston, MA","Posted 10 days ago",NA,NA
"Software Intern",NA,"Wichita, KS","Posted 30+ days ago",NA,NA
"React Web Developer Intern",NA,"Remote","Active 5 days ago",NA,NA
"Android Software Intern - Fall 2022","Avery Dennison","Miamisburg, OH 45342","Posted 30+ days ago",NA,"https://www.indeed.com/cmp/Avery-Dennison?q=software%20engineer%20intern&l=United%20States&start=80"
"DevOps Engineer - Intern","Domo","Remote in American Fork, UT 84003","Posted 30+ days ago",NA,"https://www.indeed.com/cmp/Domo?q=software%20engineer%20intern&l=United%20States&start=80"
"Software Engineer - Summer Intern",NA,"Mountain View, CA","Posted 30+ days ago",NA,NA
"Software Test Engineer - Intern","Qualtrics","Seattle, WA 98101 (Downtown area)","Posted 30+ days ago",NA,"https://www.indeed.com/cmp/Qualtrics?q=software%20engineer%20intern&l=United%20States&start=80"
"Programmer/Software Engineer Intern","Terra Engineering Ltd","Chicago, IL 60654 (River North area)","Posted 30+ days ago",NA,"https://www.indeed.com/cmp/Terra-Engineering?q=software%20engineer%20intern&l=United%20States&start=80"
".css-jspxzf{box-sizing:border-box;margin:0;min-width:0;-webkit-text-decoration:none;text-decoration:none;color:inherit!important;position:static;}.css-jspxzf:active,.css-jspxzf:visited,.css-jspxzf:hover,.css-jspxzf:focus{-webkit-text-decoration:none;text-decoration:none;color:inherit;}.css-jspxzf:focus-visible{outline:none;}.css-jspxzf::after{content:"""";position:absolute;left:0;top:0;right:0;bottom:0;}Software Engineering Intern","Imprivata","Remote in Waltham, MA 02451","Posted 4 days ago",NA,"https://www.indeed.com/cmp/Imprivata?q=software%20engineer%20intern&l=United%20States&start=90"
"Software Engineer Intern - Fall 2022","Marvell","Hybrid remote in Morrisville, NC 27560","Posted 30+ days ago",NA,"https://www.indeed.com/cmp/Marvell-Semiconductor?q=software%20engineer%20intern&l=United%20States&start=90"
"Software Engineer Internship","HP","Spring, TX 77389","Posted 30+ days ago",NA,"https://www.indeed.com/cmp/HP-2?q=software%20engineer%20intern&l=United%20States&start=90"
"Software Engineer - Intern","Power Integrations","San Jose, CA 95138 (Santa Teresa area)","Posted 30+ days ago",NA,"https://www.indeed.com/cmp/Power-Integrations?q=software%20engineer%20intern&l=United%20States&start=90"
"Associate Software Development Engineer in Test Intern","Scholastic","New York, NY","Posted 30+ days ago",NA,"https://www.indeed.com/cmp/Scholastic?q=software%20engineer%20intern&l=United%20States&start=90"
"AI Frameworks Intern Engineer","Intel","Santa Clara, CA 95052","Posted 30+ days ago",NA,"https://www.indeed.com/cmp/Intel-Corporation?q=software%20engineer%20intern&l=United%20States&start=90"
"Paid Software Internship (Mobile App Development)",NA,"Remote","Posted 30+ days ago",NA,NA
"Intern - Embedded Software Engineer (Fall 2022)","Persistent Systems","New York, NY 10001 (Chelsea area)","Posted 9 days ago",NA,"https://www.indeed.com/cmp/Persistent-Systems?q=software%20engineer%20intern&l=United%20States&start=90"
"Software Development Intern","American Capital Group Inc.","Laguna Hills, CA","Posted 30+ days ago",NA,"https://www.indeed.com/cmp/American-Capital-Group-Inc.?q=software%20engineer%20intern&l=United%20States&start=90"
"Software Engineer Intern",NA,"Leesburg, VA 20176","Posted 30+ days ago",NA,NA
"PPC Intern",NA,"Remote","Posted 30+ days ago",NA,NA
"Software Developer - Intern","Intel","Hybrid remote in Folsom, CA 95630+1 location","Posted 23 days ago",NA,"https://www.indeed.com/cmp/Intel-Corporation?q=software%20engineer%20intern&l=United%20States&start=90"
"Software Developer Intern",NA,"Remote in Seattle, WA","Active 1 day ago",NA,NA
"Full Stack Developer - Intern (Summer/Fall 2022)","Astranis","San Francisco, CA","Posted 30+ days ago",NA,"https://www.indeed.com/cmp/Astranis-1?q=software%20engineer%20intern&l=United%20States&start=90"
"Software Engineering Intern","Schneider Electric","Andover, MA 01810","Posted 19 days ago",NA,"https://www.indeed.com/cmp/Schneider-Electric?q=software%20engineer%20intern&l=United%20States&start=90"
".css-jspxzf{box-sizing:border-box;margin:0;min-width:0;-webkit-text-decoration:none;text-decoration:none;color:inherit!important;position:static;}.css-jspxzf:active,.css-jspxzf:visited,.css-jspxzf:hover,.css-jspxzf:focus{-webkit-text-decoration:none;text-decoration:none;color:inherit;}.css-jspxzf:focus-visible{outline:none;}.css-jspxzf::after{content:"""";position:absolute;left:0;top:0;right:0;bottom:0;}Software Engineering Intern","Schneider Electric","Andover, MA 01810","19 days ago",NA,"https://www.indeed.com/cmp/Schneider-Electric?q=software%20engineer%20intern&l=United%20States&start=100&redirected=1"
"Software Engineering Intern","Intelsat","Ellenwood, GA 30294","14 days ago",NA,"https://www.indeed.com/cmp/Intelsat?q=software%20engineer%20intern&l=United%20States&start=100&redirected=1"
"C&I Software Engineer Intern","CyberArk","Massachusetts","30+ days ago",NA,"https://www.indeed.com/cmp/Cyberark?q=software%20engineer%20intern&l=United%20States&start=100&redirected=1"
"Software Engineer Intern (CEC)","Epsilon Systems Inc","Largo, FL 33777","30+ days ago",NA,"https://www.indeed.com/cmp/Epsilon-Systems-Solutions-2?q=software%20engineer%20intern&l=United%20States&start=100&redirected=1"
"AR/VR Software Intern","Intuitive","Sunnyvale, CA","30+ days ago",NA,"https://www.indeed.com/cmp/Intuitive-(intuitive-Surgical)?q=software%20engineer%20intern&l=United%20States&start=100&redirected=1"
"Front End Developer Internship","Tyler Technologies, Inc.","Baton Rouge, LA","30+ days ago",NA,"https://www.indeed.com/cmp/Tyler-Technologies,-Inc.?q=software%20engineer%20intern&l=United%20States&start=100&redirected=1"
"Software Engineer Intern","PostProcess Technologies","Buffalo, NY 14214 (Leroy area)","Active 7 days ago",NA,"https://www.indeed.com/cmp/Postprocess-Technologies,-Llc.?q=software%20engineer%20intern&l=United%20States&start=100&redirected=1"
"2023 Software Engineer Summer Internship","Ethos Group Corporate","Irving, TX","26 days ago",NA,"https://www.indeed.com/cmp/Ethos-Group-3?q=software%20engineer%20intern&l=United%20States&start=100&redirected=1"
"Software Test Engineering Intern","Formlabs","Somerville, MA","6 days ago",NA,"https://www.indeed.com/cmp/Formlabs?q=software%20engineer%20intern&l=United%20States&start=100&redirected=1"
"Software Development (.NET) Intern",NA,"Remote in El Monte, CA 91731","Active 7 days ago",NA,NA
"UX Research Intern",NA,"Remote in Ann Arbor, MI 48104","12 days ago",NA,NA
"Software Intern","Synaptics","San Jose, CA 95131 (North Valley area)","9 days ago",NA,"https://www.indeed.com/cmp/Synaptics?q=software%20engineer%20intern&l=United%20States&start=100&redirected=1"
"User Experience Intern","Md7 Llc","Allen, TX 75013","30+ days ago",NA,"https://www.indeed.com/cmp/Md7?q=software%20engineer%20intern&l=United%20States&start=100&redirected=1"
"UI Software Engineering Intern","Formlabs","Somerville, MA+1 location","30+ days ago",NA,"https://www.indeed.com/cmp/Formlabs?q=software%20engineer%20intern&l=United%20States&start=100&redirected=1"
"Web Developer Intern",NA,"Remote","Active 4 days ago",NA,NA
